{"loss": [0.7004290819168091, 0.36691489815711975, 0.29737362265586853], "rmsle_tf": [0.5901904106140137, 0.44296398758888245, 0.40051984786987305], "val_loss": [0.4568819999694824, 0.3706517815589905, 0.3646319806575775], "val_rmsle_tf": [0.5294150114059448, 0.4681989550590515, 0.462252676486969], "learning_rate": [0.0010000000474974513, 0.0010000000474974513, 0.0010000000474974513]}