{"loss": [1.4649226665496826, 0.9971469640731812, 0.8425314426422119, 0.8089278340339661, 0.7466174960136414, 0.7156774997711182, 0.6844731569290161], "val_loss": [0.9050295948982239, 0.7085686922073364, 0.6243473291397095, 0.6583602428436279, 0.5940650105476379, 0.6285454034805298, 0.5565930008888245]}