{"loss": [4.191215515136719, 3.5191259384155273, 5.996060371398926, 6.904059886932373, 6.832846641540527, 3.8394532203674316, 5.100175380706787, 4.152994632720947, 4.69731330871582, 5.180536270141602], "val_loss": [3.167776107788086, 2.98986554145813, 4.639100551605225, 4.030455112457275, 8.083148002624512, 2.9179022312164307, 3.249532699584961, 3.4537360668182373, 2.4891135692596436, 8.990562438964844]}