{"loss": [1.7915204763412476, 1.1951489448547363, 1.0583610534667969, 0.9488320350646973, 0.9185919165611267, 0.8726731538772583, 0.9207871556282043], "val_loss": [1.0126298666000366, 0.9950809478759766, 1.0685609579086304, 0.8557446002960205, 1.2303454875946045, 1.4984835386276245, 1.0921084880828857]}