{"loss": [2.1389129161834717, 1.4153488874435425, 1.3069515228271484, 1.257285237312317, 1.2698407173156738, 0.9956884384155273, 0.9338160753250122, 1.0704126358032227, 1.098772406578064, 1.0626428127288818, 0.925783097743988, 0.8385027647018433, 0.9515554904937744, 1.0056520700454712, 0.9440597295761108, 0.8642985224723816], "val_loss": [0.7286354303359985, 0.6505466103553772, 0.6845118403434753, 0.7664803266525269, 0.9012102484703064, 0.7638131976127625, 0.5243476629257202, 0.7607463002204895, 0.6208979487419128, 0.7586734294891357, 0.5237730741500854, 0.6015563011169434, 0.613415539264679, 0.6086094379425049, 0.8816934823989868, 0.5547683238983154]}