{
    "rf": 2.1807959297731618e-17,
    "xgb": 0.0,
    "lgb": 1.0,
    "cat": 1.1102230246251565e-16
}